{"cameraMode":{"drawMode":0,"name":"Shaded","section":"Shading Mode"},"sceneLighting":true,"audioPlay":false,"sceneViewState":{"showFog":true,"showMaterialUpdate":false,"showSkybox":true,"showFlares":true,"showImageEffects":true,"showParticleSystems":true},"in2DMode":false,"pivot":{"x":-0.2669551372528076,"y":-0.19762681424617768,"z":-0.13184207677841187},"rotation":{"x":-0.11537878215312958,"y":0.054204780608415607,"z":-0.00630574906244874,"w":-0.9918223023414612},"size":0.4330126941204071,"orthographic":false}