{"cameraMode":{"drawMode":0,"name":"Shaded","section":"Shading Mode"},"sceneLighting":true,"audioPlay":false,"sceneViewState":{"showFog":true,"showMaterialUpdate":false,"showSkybox":true,"showFlares":true,"showImageEffects":true,"showParticleSystems":true},"in2DMode":false,"pivot":{"x":-1.6198499202728272,"y":1.0715172290802003,"z":9.72659969329834},"rotation":{"x":-0.00630496721714735,"y":0.03808743879199028,"z":-0.00024031155044212937,"w":-0.9992550611495972},"size":10.0,"orthographic":false}